Nombre,Apellido,Correo,IP,Genero
Bud,Laffling,blaffling0@time.com,,Male
Willy,Limpenny,wlimpenny1@nps.gov,71.122.254.61,Bigender
Erda,Arnason,earnason2@tumblr.com,195.117.172.201,Female
Gretta,Demeza,gdemeza3@businessweek.com,212.51.20.207,Polygender
Deina,Melbourne,dmelbourne4@msu.edu,149.15.55.200,
Clayborne,MacQueen,cmacqueen5@hhs.gov,172.171.29.20,Male
Chiquia,O'Roan,coroan8@engadget.com,163.8.61.161,Female
Gracie,Cayet,gcayet9@phpbb.com,43.189.207.208,Agender
Giacopo,Boobier,gboobiera@hc360.com,28.242.119.160,Male
Giustino,Juniper,gjuniperb@mozilla.com,214.233.85.62,Male
Sisely,Alsopp,salsoppc@disqus.com,86.175.95.155,Bigender
Lorri,Gockelen,lgockelene@howstuffworks.com,73.196.33.244,
Gennie,Tunnadine,gtunnadinef@furl.net,133.228.186.209,Female
Charlie,Leneve,cleneveg@mlb.com,179.51.98.214,Male
Husein,Oxtiby,hoxtibyh@census.gov,222.130.225.20,Male
Glennis,Zeal,gzeali@nytimes.com,203.58.164.253,
Yves,Nevin,ynevink@eepurl.com,116.223.125.230,Polygender
Maye,Stangroom,mstangrooml@hatena.ne.jp,221.159.78.115,Female
Andeee,Brewood,abrewoodo@artisteer.com,,Female
Cherilynn,Streeting,cstreetingp@oaic.gov.au,3.244.133.9,Female
Adolphe,Leverington,aleveringtonq@slashdot.org,168.242.189.55,Male
Celestina,Cowgill,ccowgillr@wordpress.com,170.73.120.26,Genderfluid
Sharity,Cremen,scremens@google.com.br,217.91.110.79,Female
Alexandr,Pawlick,apawlickt@abc.net.au,172.94.57.28,Male
Melesa,Grenshiels,mgrenshielsu@netvibes.com,240.179.111.50,Female
Tore,Dannehl,tdannehlv@weibo.com,,Male
Karlyn,Fratson,kfratsonw@cafepress.com,34.150.65.146,
Elvera,McMonnies,emcmonniesx@mtv.com,15.89.0.133,Female
Meryl,Gerdts,mgerdtsy@123-reg.co.uk,,Male
Brandtr,Shellsheere,bshellsheerez@sitemeter.com,,Male
Adams,Riddell,ariddell10@bbc.co.uk,130.129.194.244,Male
Faun,Bradick,fbradick12@shutterfly.com,154.206.242.228,Female
Christie,Tillot,ctillot13@vinaora.com,122.117.35.52,Female
Pancho,Ceaplen,pceaplen15@scientificamerican.com,,Male
Tommy,Cordner,tcordner16@tumblr.com,207.35.102.145,
Pancho,Tuft,ptuft17@meetup.com,38.93.60.13,Male
Nicolai,Binnie,nbinnie18@upenn.edu,,Male
Marisa,Nabarro,mnabarro19@slate.com,48.67.130.103,Female
Howie,McDugal,hmcdugal1a@umn.edu,248.90.199.48,Male
Keven,Guite,kguite1b@scribd.com,181.207.64.166,Male
Mitzi,Columbine,mcolumbine1c@pinterest.com,137.16.248.243,Polygender
Harlie,Hazelden,hhazelden1d@ebay.co.uk,133.193.54.125,Female
Catharina,Fance,cfance1e@rediff.com,,Female
Cleo,Minocchi,cminocchi1f@ebay.co.uk,226.244.155.247,Female
Jeffy,Smedley,jsmedley1g@yahoo.co.jp,210.254.209.41,Bigender
Filberte,Rogliero,frogliero1h@patch.com,101.39.253.210,Male
Friedrich,Dayce,fdayce1i@ocn.ne.jp,53.218.111.96,
Judye,Woodrow,jwoodrow1j@dyndns.org,30.33.14.160,Female
Carolin,McKomb,cmckomb1k@businesswire.com,,Female
Sherman,Coaker,scoaker1l@redcross.org,223.95.194.140,Male
Charlotta,Jessett,cjessett1m@ibm.com,204.65.238.32,Female
Skyler,Luchetti,sluchetti1p@booking.com,154.152.237.163,Male
Hedi,Grose,hgrose1q@oakley.com,131.23.117.140,Female
Leena,Fitzpatrick,lfitzpatrick1r@sun.com,36.56.125.110,Female
Jan,Lorroway,jlorroway1s@tuttocitta.it,1.100.39.37,Female
Dew,Mielnik,dmielnik1t@google.nl,23.204.221.28,Male
Gabriel,Batterton,gbatterton1u@samsung.com,128.179.5.82,Male
Trescha,Woolacott,twoolacott1v@printfriendly.com,148.227.106.213,
Keely,Fortye,kfortye1w@nature.com,101.232.204.200,Female
Shelby,Sphinxe,ssphinxe1x@adobe.com,78.203.251.255,Female
Ketti,Stearley,kstearley1y@washingtonpost.com,,
Essa,Cass,ecass1z@vkontakte.ru,207.41.108.166,Female
Maddie,Morgan,mmorgan20@sfgate.com,245.255.189.157,Male
Catlee,Hadlow,chadlow22@biblegateway.com,125.48.9.227,Genderfluid
Adria,Hammett,ahammett23@clickbank.net,75.169.190.119,Female
Aurel,Schoffel,aschoffel24@opera.com,110.90.216.223,Female
Ravi,Wessel,rwessel25@amazon.com,136.231.89.182,Male
Preston,Cowin,pcowin26@mapy.cz,98.168.215.168,Male
Blondell,Garvagh,bgarvagh27@ucsd.edu,,Agender
Cirillo,Inglefield,cinglefield28@dropbox.com,138.44.194.104,Male
Hali,Mailey,hmailey29@google.ca,91.7.208.43,
Abbot,O'Fairy,aofairy2a@who.int,140.120.164.66,Male
Robin,Bluck,rbluck2b@businessweek.com,,Non-binary
Berkly,Cordy,bcordy2c@bing.com,,Male
Xerxes,Grigg,xgrigg2d@dailymail.co.uk,41.63.179.42,Male
Mile,Farryann,mfarryann2e@arstechnica.com,11.133.65.89,Male
Mureil,Kehoe,mkehoe2g@icq.com,72.205.230.183,Female
Fulvia,Bugler,fbugler2h@weather.com,,Female
Thomasina,Redmain,tredmain2i@drupal.org,62.117.37.184,Female
Berkly,Keson,bkeson2j@miitbeian.gov.cn,154.218.73.198,Male
Gabby,Hankins,ghankins2k@mac.com,228.110.84.113,Male
Rachael,Bark,rbark2l@i2i.jp,93.254.157.180,Female
Zacharias,Muffin,zmuffin2m@foxnews.com,110.42.234.246,Male
Pansy,Hunton,phunton2o@cbslocal.com,186.221.168.228,Female
Abba,Bartholomieu,abartholomieu2p@census.gov,236.44.166.29,Male
Janka,Kilfeder,jkilfeder2r@lycos.com,251.20.55.97,Female
Purcell,Shawyer,pshawyer2s@si.edu,110.51.14.144,Male
Olia,O'Roan,ooroan2u@bing.com,,Female
Farley,Whitham,fwhitham2v@twitter.com,83.246.89.159,Male
Chancey,Girk,cgirk2w@amazon.com,38.225.126.127,Male
Mureil,Foulgham,mfoulgham2x@opensource.org,147.242.180.147,Female
Kermit,Howland,khowland2y@t-online.de,,Male
Cory,Denslow,cdenslow2z@army.mil,175.93.34.154,
Dorey,Sivills,dsivills30@reverbnation.com,,
Else,Keyzman,ekeyzman31@hao123.com,97.236.85.118,Female
Zorah,Sleightholme,zsleightholme32@qq.com,232.219.71.236,Bigender
Fransisco,Learoyd,flearoyd33@yelp.com,235.36.198.201,Male
Travers,Caven,tcaven34@exblog.jp,19.218.15.174,
Suzann,Faircliffe,sfaircliffe35@odnoklassniki.ru,148.115.173.142,Female
Wyndham,Menego,wmenego36@multiply.com,97.31.206.114,Male
Brinna,Minci,bminci37@technorati.com,,Female
Grenville,Sellers,gsellers39@un.org,181.232.138.49,Polygender
Bernette,Nevill,bnevill3a@e-recht24.de,4.168.45.177,Female
Gustaf,Casley,gcasley3b@hatena.ne.jp,84.198.186.38,Male
Courtnay,Guirard,cguirard3c@google.de,183.41.26.89,Male
Herbie,Taffee,htaffee3d@vimeo.com,12.34.62.154,Male
Kali,Gouldbourn,kgouldbourn3f@sciencedirect.com,255.227.235.157,Female
Elna,McAreavey,emcareavey3g@nbcnews.com,108.247.207.237,Genderqueer
Trish,Minchin,tminchin3h@jimdo.com,106.173.109.131,Female
Gale,Maxworthy,gmaxworthy3i@ibm.com,186.154.7.191,Bigender
Ellswerth,Balsdone,ebalsdone3j@phpbb.com,5.205.219.56,Male
Kacie,Farrant,kfarrant3l@bravesites.com,,Agender
Dana,Coffin,dcoffin3m@npr.org,83.119.124.255,
Lenka,Spanton,lspanton3n@google.pl,,Female
Quincy,Kinzel,qkinzel3o@scientificamerican.com,101.116.215.65,Male
Linnet,MacCaffrey,lmaccaffrey3p@51.la,163.84.83.68,Female
Alistair,Elvish,aelvish3q@howstuffworks.com,153.187.7.212,Male
Ashton,Leneham,aleneham3r@nationalgeographic.com,118.217.65.102,Male
Fairlie,Curran,fcurran3s@people.com.cn,,
Gabbey,Luto,gluto3t@dyndns.org,169.127.225.102,
Ansley,Twine,atwine3u@topsy.com,,Female
Slade,Rozea,srozea3v@sbwire.com,135.141.23.72,Male
Brandi,Horley,bhorley3w@trellian.com,235.182.2.217,Female
Antonetta,Styan,astyan3x@eepurl.com,39.61.25.215,Female
Patrizius,Joyes,pjoyes3y@nytimes.com,138.135.214.148,Male
Ailene,Beeze,abeeze3z@sourceforge.net,152.212.181.99,Female
Yovonnda,Rowlin,yrowlin41@timesonline.co.uk,164.116.92.171,Female
Perla,Brinsford,pbrinsford42@apple.com,60.1.184.255,Female
Hillier,Teggart,hteggart43@techcrunch.com,186.233.70.255,Bigender
Rosalyn,Telling,rtelling46@bing.com,174.162.242.77,Female
Rossy,Shepheard,rshepheard47@xing.com,239.222.5.199,Male
Aliza,Verrier,averrier48@meetup.com,,Female
Kinnie,Busk,kbusk49@ucoz.ru,88.221.147.61,
Whittaker,Worsley,wworsley4a@disqus.com,251.118.123.137,Male
Boyce,Kroch,bkroch4b@pbs.org,,Male
Dov,McAlpine,dmcalpine4c@hugedomains.com,227.247.69.246,Male
Jillie,Dellit,jdellit4d@addtoany.com,128.154.163.89,Female
Ingar,Durman,idurman4e@home.pl,42.215.37.39,Male
Babita,Shadwick,bshadwick4g@imdb.com,100.123.56.185,Female
Kariotta,Bazley,kbazley4h@ucoz.com,15.2.110.151,Female
Foster,Finkle,ffinkle4i@xinhuanet.com,136.215.87.46,Bigender
Saxe,Bourhill,sbourhill4j@topsy.com,62.196.127.195,Male
Ericka,Sigg,esigg4k@edublogs.org,74.212.204.66,Female
Wallis,Matson,wmatson4m@phoca.cz,215.34.11.223,Male
Sophey,Crosswaite,scrosswaite4n@yahoo.co.jp,4.207.218.69,
Katerine,Huzzay,khuzzay4o@shutterfly.com,194.238.224.21,Female
Rey,Hobgen,rhobgen4q@accuweather.com,75.252.120.235,Female
Alejandro,Aulsford,aaulsford4r@apache.org,169.73.53.142,Male
Filmore,Niblett,fniblett4s@yandex.ru,240.236.34.177,Male
Tobe,Mollnar,tmollnar4u@angelfire.com,1.225.167.17,Female
Bartholomeus,Aleixo,baleixo4v@smugmug.com,59.228.47.24,Agender
Waiter,McDoual,wmcdoual4w@youtu.be,21.59.104.245,Male
Norris,Ivanenkov,nivanenkov4x@taobao.com,186.250.176.110,
Dietrich,Kunzler,dkunzler4y@nyu.edu,223.19.132.224,Male
Jard,Wace,jwace4z@people.com.cn,183.219.14.158,Male
Othilia,Limbert,olimbert50@paypal.com,181.176.58.82,Female
Torrie,Mathes,tmathes51@theatlantic.com,126.254.151.110,Female
Karine,Pelling,kpelling52@senate.gov,94.214.234.165,Female
Horatius,Agnolo,hagnolo53@histats.com,103.183.60.96,Male
Alidia,Leser,aleser55@nbcnews.com,107.173.227.53,Female
Hettie,Dundridge,hdundridge56@japanpost.jp,82.52.120.78,Female
Thekla,Saleway,tsaleway57@un.org,243.111.49.143,
Tamas,Berzen,tberzen58@blogspot.com,124.170.65.160,Genderfluid
Barth,Serck,bserck59@chicagotribune.com,149.43.242.197,Male
Kathe,Czadla,kczadla5a@t.co,97.160.196.155,Female
Parry,Wrinch,pwrinch5b@so-net.ne.jp,57.181.195.207,Male
Doria,Nowell,dnowell5c@hubpages.com,70.71.135.75,Agender
Emily,Houselee,ehouselee5e@mozilla.com,251.199.179.204,Female
Vonny,Philipard,vphilipard5f@linkedin.com,165.51.65.59,Female
Boris,Papierz,bpapierz5g@mapy.cz,126.150.7.56,Male
Dorisa,Meadley,dmeadley5h@feedburner.com,245.128.247.218,Female
Lilly,Hatfield,lhatfield5i@csmonitor.com,218.6.168.50,Female
Morey,Bautiste,mbautiste5j@princeton.edu,165.30.164.222,Male
Roze,Agdahl,ragdahl5k@accuweather.com,,Agender
Vladimir,Stoffel,vstoffel5l@shinystat.com,5.16.249.231,
Malina,Ribeiro,mribeiro5m@alexa.com,80.115.126.201,Female
Jamie,Ziebart,jziebart5o@washington.edu,117.42.100.33,
Roda,Callf,rcallf5p@state.gov,189.84.66.129,Female
Georgia,Sebire,gsebire5q@ow.ly,191.207.192.61,Non-binary
Sterne,Revie,srevie5r@gnu.org,20.99.48.28,Male
Gratiana,Surgey,gsurgey5s@washingtonpost.com,41.111.138.18,Female
Anetta,Stapele,astapele5t@wisc.edu,107.192.184.59,Genderfluid
Frederigo,Ebden,febden5u@aol.com,193.71.42.135,Male
Maude,Lillo,mlillo5w@apple.com,,Female
Saraann,Bohey,sbohey5x@arstechnica.com,136.99.112.21,
Immanuel,Plan,iplan5y@pen.io,243.33.197.210,Male
Chryste,Frosch,cfrosch5z@addtoany.com,101.48.20.131,Female
Nicolina,Sheryn,nsheryn61@japanpost.jp,245.101.37.194,Bigender
Anetta,Dalling,adalling62@rediff.com,,Female
Sally,Townes,stownes63@nyu.edu,139.228.175.180,Bigender
Nessi,Mazzey,nmazzey64@europa.eu,,Female
Ban,Learned,blearned65@dropbox.com,183.205.112.48,Male
Eydie,Halpine,ehalpine67@nhs.uk,236.32.175.114,Female
Mariejeanne,Rumbellow,mrumbellow69@businesswire.com,19.229.158.151,Polygender
Guthrey,Coltman,gcoltman6a@ft.com,133.113.131.124,Male
Klara,Kornes,kkornes6b@geocities.jp,136.137.84.186,
Saidee,Ayres,sayres6d@cam.ac.uk,,Female
Lyn,Jaskowicz,ljaskowicz6e@hatena.ne.jp,236.35.64.120,Female
Kirby,Prescot,kprescot6f@ustream.tv,164.92.191.172,Male
Abey,Clawe,aclawe6g@statcounter.com,147.103.128.190,Male
Juliane,Ovitts,jovitts6h@shinystat.com,229.97.238.18,
Osbourn,Glassford,oglassford6i@meetup.com,1.81.151.96,Male
Linc,Wray,lwray6j@lulu.com,81.230.238.203,Bigender
Neale,Leyman,nleyman6k@lycos.com,105.236.230.4,
Demetri,Eitter,deitter6l@hhs.gov,23.185.22.189,Male
Rand,MacCurley,rmaccurley6m@blogtalkradio.com,234.197.122.115,Male
Buddie,Vousden,bvousden6o@goodreads.com,58.177.98.58,Male
Neils,Odegaard,nodegaard6q@jalbum.net,81.141.18.226,Male
Delmor,O'Currane,docurrane6r@canalblog.com,135.155.79.160,Male
Remy,Claige,rclaige6s@histats.com,,Female
Xenia,Lutsch,xlutsch6t@imageshack.us,205.97.71.122,Non-binary
Karina,Brahms,kbrahms6u@theatlantic.com,236.250.168.103,Female
Rachel,Knotte,rknotte6v@deviantart.com,252.23.175.183,Female
Avictor,Marryatt,amarryatt6w@wufoo.com,115.255.110.236,Male
Karee,Alessandrelli,kalessandrelli6x@indiatimes.com,200.35.82.81,Female
Kellia,Gainsburgh,kgainsburgh6y@xrea.com,212.122.23.21,
Giffer,Urling,gurling6z@jalbum.net,203.216.161.128,Male
Marabel,Worgen,mworgen70@cyberchimps.com,214.221.62.178,Female
Zitella,Sycamore,zsycamore71@joomla.org,0.36.127.98,Agender
Alano,Giller,agiller72@odnoklassniki.ru,228.223.246.247,Male
Bethina,Ambroisin,bambroisin73@creativecommons.org,133.153.248.54,Female
Arabela,Harbour,aharbour74@tiny.cc,81.200.116.165,Female
Adolphus,Vause,avause75@g.co,68.149.88.173,Male
Nicolais,Blandford,nblandford77@gizmodo.com,198.197.26.208,Male
Britt,Scad,bscad78@joomla.org,232.112.224.138,Female
Malchy,Pomfrey,mpomfrey7a@geocities.com,242.177.109.170,Male
Patrick,Presnail,ppresnail7b@hp.com,31.148.26.0,Male
Norene,Lisimore,nlisimore7c@springer.com,238.187.83.104,Female
Matthaeus,Whittock,mwhittock7d@deviantart.com,127.194.130.149,Male
Jere,Busen,jbusen7e@addtoany.com,64.81.42.208,Male
Sayres,Crinion,scrinion7f@hp.com,148.144.67.28,Male
Gertrude,Bate,gbate7g@cloudflare.com,230.92.98.54,
Francoise,Spikeings,fspikeings7h@npr.org,10.87.125.119,Female
Claretta,Baudouin,cbaudouin7i@statcounter.com,36.64.39.184,Female
Paola,Proud,pproud7j@newyorker.com,248.44.26.59,
Tremayne,Impett,timpett7k@blog.com,205.137.211.217,Male
Shawnee,Antosik,santosik7l@cdc.gov,164.33.85.26,Female
Garrott,McCerery,gmccerery7m@china.com.cn,200.183.134.81,Male
Lula,Clutheram,lclutheram7n@sciencedirect.com,122.97.246.219,Female
Eolanda,Ferrers,eferrers7p@amazon.co.jp,,
Teddy,Critcher,tcritcher7s@prlog.org,220.229.100.208,Male
Virgie,Wisson,vwisson7t@biblegateway.com,50.71.249.4,Female
Ruy,Storkes,rstorkes7u@businesswire.com,53.213.103.200,Male
Ericka,Ghiotto,eghiotto7v@shareasale.com,193.163.160.4,Female
Ronica,Hannaway,rhannaway7w@alexa.com,125.225.198.127,Genderqueer
Randell,Clampe,rclampe7x@theglobeandmail.com,62.230.235.250,Male
Garrik,Reckhouse,greckhouse7y@java.com,70.67.185.218,Male
Viviyan,Stansbie,vstansbie80@trellian.com,95.237.252.125,Female
Heinrick,Metterick,hmetterick81@paypal.com,177.95.62.198,Male
Karoly,Dearman,kdearman82@ovh.net,,Female
Obie,Hendrichs,ohendrichs83@canalblog.com,10.203.203.80,Male
Jori,Depka,jdepka85@prnewswire.com,,
Ashby,Hulburt,ahulburt86@tamu.edu,46.219.14.20,Male
Pearla,Bulle,pbulle88@wired.com,5.151.128.17,Female
Ricky,Pinkett,rpinkett89@alibaba.com,18.253.246.89,Female
Mace,Degan,mdegan8a@kickstarter.com,57.136.255.87,Male
Derby,Netherwood,dnetherwood8b@instagram.com,217.113.44.176,Male
Iggy,Rydings,irydings8c@virginia.edu,25.225.23.134,
Callida,Shearn,cshearn8d@pcworld.com,210.87.219.40,Female
Yuri,Ogers,yogers8e@simplemachines.org,183.97.20.111,Male
Lorianne,Eley,leley8f@networksolutions.com,181.146.118.203,Genderfluid
Prince,O'Spellissey,pospellissey8g@adobe.com,43.18.224.205,Male
Glynda,Hiddsley,ghiddsley8h@google.pl,70.136.109.143,Genderfluid
Eryn,Dawkes,edawkes8i@gravatar.com,154.100.100.80,Female
Errick,Mulrenan,emulrenan8j@blogger.com,141.120.66.252,Male
Clevey,Rekes,crekes8l@goo.ne.jp,,Male
Natty,Antley,nantley8m@tumblr.com,196.142.241.163,Male
Algernon,Balsdone,abalsdone8n@jimdo.com,60.68.214.197,Agender
Jase,Flett,jflett8p@jiathis.com,177.96.11.96,Male
Fey,Brookshaw,fbrookshaw8q@cpanel.net,15.189.74.114,Genderqueer
Peadar,Rains,prains8r@opensource.org,153.113.64.62,Male
Aylmer,Pedican,apedican8t@craigslist.org,64.24.217.195,Bigender
Clarie,Jack,cjack8u@wordpress.com,101.216.67.252,Female
Rance,McGurgan,rmcgurgan8w@macromedia.com,210.229.87.137,Male
Mathew,Constanza,mconstanza8x@weebly.com,178.127.20.14,Male
Dex,Dyton,ddyton8y@abc.net.au,,Male
Reta,Rumbelow,rrumbelow8z@psu.edu,17.139.10.91,Female
Dara,Canacott,dcanacott90@about.com,122.2.3.239,Female
Bibbie,Sterland,bsterland91@dedecms.com,55.214.153.148,Female
Silvester,Krzysztofiak,skrzysztofiak92@so-net.ne.jp,163.253.111.10,Male
Silvanus,Bumpas,sbumpas93@tumblr.com,,Male
Meredith,Matityahu,mmatityahu94@taobao.com,204.218.60.13,Male
Kennie,Heberden,kheberden95@dedecms.com,234.80.232.40,Male
Nilson,Munns,nmunns96@about.com,151.114.229.208,Male
Field,Sollowaye,fsollowaye97@plala.or.jp,251.20.6.216,Male
Thekla,St. Louis,tstlouis98@google.es,207.14.36.211,Female
Aimee,Torbett,atorbett99@springer.com,113.8.120.224,Female
Burlie,Althorp,balthorp9a@alexa.com,,Male
Way,Johannesson,wjohannesson9c@buzzfeed.com,88.104.71.60,
Giana,Ducroe,gducroe9d@jalbum.net,118.165.112.224,Female
Leonidas,Dumelow,ldumelow9e@census.gov,24.221.9.169,Male
Panchito,Schouthede,pschouthede9f@edublogs.org,137.255.206.247,Male
Keven,Wadelin,kwadelin9g@meetup.com,,Male
Silvan,Santore,ssantore9h@xinhuanet.com,151.56.211.71,Male
Raphael,Manie,rmanie9i@addthis.com,140.57.29.81,Male
Marcus,Hauger,mhauger9j@icq.com,,Male
Sybilla,Glynn,sglynn9k@washingtonpost.com,47.160.14.192,Female
Mattias,Gear,mgear9l@goodreads.com,52.148.137.190,Male
Alfie,Tarquinio,atarquinio9m@posterous.com,,Female
Janka,Corringham,jcorringham9n@bloomberg.com,130.229.214.141,Polygender
Reinhold,Dietsche,rdietsche9o@yale.edu,82.156.69.45,Male
Ora,Pitceathly,opitceathly9p@google.nl,209.46.208.103,Female
Angie,Dillinger,adillinger9q@indiegogo.com,120.234.133.215,Male
Ferdinand,Maben,fmaben9r@yandex.ru,65.188.48.92,Male
Fannie,Oriel,foriel9s@deliciousdays.com,143.33.234.70,
Sibley,Copner,scopner9u@list-manage.com,119.60.231.117,Female
Fredericka,Windibank,fwindibank9v@privacy.gov.au,53.191.68.130,
Mel,Mauger,mmauger9w@wikimedia.org,91.152.20.229,
Deedee,Scopyn,dscopyn9x@mozilla.com,229.88.110.212,Female
Gleda,Lestor,glestor9y@yale.edu,251.102.35.214,Female
Caprice,Stonuary,cstonuary9z@dailymotion.com,189.27.231.140,
Oralia,Caverhill,ocaverhilla0@buzzfeed.com,,Female
Manny,Brend,mbrenda1@zdnet.com,122.188.220.252,Male
Trixie,Gullivent,tgulliventa3@ebay.co.uk,229.146.49.88,Female
Yolane,Peete,ypeetea5@mysql.com,92.149.57.80,Female
Justinian,Lewins,jlewinsa6@miibeian.gov.cn,38.56.217.2,Male
Lanette,Ivanyukov,livanyukova7@virginia.edu,,Polygender
Heida,Bengtsson,hbengtssona8@dyndns.org,92.61.91.8,
Mayor,Gheerhaert,mgheerhaerta9@shinystat.com,161.192.46.66,Male
Kenton,Brennenstuhl,kbrennenstuhlaa@princeton.edu,15.155.31.58,Male
Ariela,Senecaux,asenecauxab@apple.com,84.23.218.22,
Germaine,Lazenbury,glazenburyac@jiathis.com,64.234.88.16,Male
Lynea,Boram,lboramad@noaa.gov,226.88.224.180,Female
Rosalinde,Cuniffe,rcuniffeae@icq.com,83.217.193.15,Female
Dyanne,Wastell,dwastellaf@msu.edu,154.214.242.110,Female
Lissy,Statter,lstatterag@bandcamp.com,92.69.21.9,Female
Thoma,Dymick,tdymickah@ameblo.jp,16.10.138.225,Male
Ellwood,Grenshields,egrenshieldsai@tamu.edu,184.118.5.14,Male
Suzanna,Colnett,scolnettaj@blogtalkradio.com,89.216.37.1,Female
Tedra,McNutt,tmcnuttal@guardian.co.uk,55.145.172.26,Female
Bernardine,Brocking,bbrockingam@epa.gov,206.32.84.88,
Rosaline,Horburgh,rhorburghan@i2i.jp,110.193.203.255,Female
Dorise,Kobpa,dkobpaao@hp.com,231.13.49.28,Female
Meyer,Antonsson,mantonssonap@ebay.co.uk,1.55.113.234,Male
Joelly,Danton,jdantonaq@tuttocitta.it,199.93.193.37,Female
Gaby,Echlin,gechlinar@accuweather.com,187.74.64.214,Male
Guthry,de Courcy,gdecourcyas@nba.com,158.117.101.5,Male
Mendie,Wigin,mwiginat@php.net,35.95.114.118,Male
Gretta,Andryszczak,gandryszczakav@apple.com,116.207.49.204,Bigender
Wilt,Heckle,wheckleaw@cam.ac.uk,,Agender
Salli,Ligerton,sligertonay@123-reg.co.uk,98.144.181.177,
Maribel,Blencoe,mblencoeb0@alexa.com,74.108.53.124,Female
Olia,Phillins,ophillinsb2@altervista.org,63.52.48.191,Female
Meade,Gorgl,mgorglb4@slashdot.org,240.66.89.197,Female
Nestor,Kunert,nkunertb5@paginegialle.it,150.173.172.221,Male
Eilis,Doulden,edouldenb6@jimdo.com,174.127.29.130,Female
Bennett,Skipping,bskippingb7@shareasale.com,244.81.64.179,Male
Evvy,End,eendb9@about.com,246.243.173.80,Female
Corbet,Haversum,chaversumba@yahoo.co.jp,109.167.139.235,Male
Doralynn,Bauckham,dbauckhambb@google.com,,Female
Giacopo,Growcock,ggrowcockbd@plala.or.jp,248.60.222.191,Male
Marc,Kuhndel,mkuhndelbe@loc.gov,127.204.219.189,Male
Maurizio,Dounbare,mdounbarebf@imdb.com,241.81.82.16,
Anny,Masarrat,amasarratbg@sohu.com,92.198.98.90,
Saundra,Challes,schallesbh@altervista.org,128.180.106.246,Male
Adriano,Tonn,atonnbj@chronoengine.com,33.14.47.210,Male
Haroun,Gaskins,hgaskinsbk@businessinsider.com,38.225.144.137,Male
Muffin,Gregh,mgreghbl@cbc.ca,150.188.40.149,Female
Afton,Baskerfield,abaskerfieldbm@vistaprint.com,74.103.41.176,Female
Fleming,Teale,ftealebn@sohu.com,,Male
Roshelle,Rasp,rraspbo@abc.net.au,86.228.72.101,Bigender
Cherlyn,Wheatley,cwheatleybp@tamu.edu,231.212.129.57,Female
Kerry,Hudson,khudsonbr@tmall.com,32.29.44.230,Female
Dionisio,Agget,daggetbt@columbia.edu,,Male
Marja,Koschke,mkoschkebu@mozilla.com,17.12.8.36,Female
Kippy,Conelly,kconellybv@w3.org,136.15.130.185,Male
Rees,Bruty,rbrutyc0@dion.ne.jp,150.230.127.62,Male
Nickie,Heineke,nheinekec1@squidoo.com,2.193.75.210,Male
Hedvig,Fiddyment,hfiddymentc2@youtube.com,221.244.94.43,
Belicia,Hellsdon,bhellsdonc4@state.tx.us,90.160.82.236,Female
Louis,Taberner,ltabernerc5@newsvine.com,143.116.202.230,Male
Davin,Brearty,dbreartyc6@bravesites.com,8.151.67.234,Male
Daryn,Jendrach,djendrachc7@mozilla.com,153.160.244.220,Female
Nicky,Helling,nhellingc8@nhs.uk,92.180.79.160,
Charmane,Gerholz,cgerholzc9@scientificamerican.com,222.236.244.84,Female
Aurel,Lowy,alowyca@wp.com,13.171.48.10,Female
Flint,Turmel,fturmelcb@patch.com,61.148.81.154,Male
Winn,Inns,winnscc@elegantthemes.com,246.104.255.0,
Liam,Ayton,laytoncd@indiegogo.com,63.103.149.48,
Eugenio,Buttress,ebuttresscf@boston.com,75.62.193.50,Male
Kellen,Heenan,kheenancg@senate.gov,88.27.105.22,Male
Bryon,Jedrys,bjedrysch@scribd.com,212.44.219.70,Male
Fairlie,Berg,fbergci@opensource.org,78.219.34.85,Male
Trstram,Roskams,troskamscj@narod.ru,147.2.67.32,Male
Amity,Shoemark,ashoemarkck@senate.gov,182.141.243.105,Female
Dahlia,Cattle,dcattlecm@ca.gov,232.27.52.40,Female
Gavrielle,Balcombe,gbalcombecn@va.gov,103.24.20.183,Female
Eachelle,Pavic,epaviccp@intel.com,45.111.26.248,Female
Weylin,Bettam,wbettamcq@cbsnews.com,210.208.226.7,Male
Casar,Grocock,cgrocockcr@xinhuanet.com,57.203.182.67,Male
Ronnie,Snookes,rsnookescs@berkeley.edu,,Male
Gabrila,Witherup,gwitherupct@baidu.com,64.28.95.106,Female
Justin,d' Eye,jdeyecu@livejournal.com,225.88.2.212,Male
Malva,Geerling,mgeerlingcv@buzzfeed.com,154.81.203.0,Bigender
Gerhardine,Crick,gcrickcw@tamu.edu,60.234.210.222,Female
Staci,Rosbottom,srosbottomcx@ucoz.com,203.17.54.165,Female
Haven,Trenear,htrenearcz@unesco.org,74.196.158.60,Male
Nonna,Werrilow,nwerrilowd0@mail.ru,67.177.209.10,Female
Selle,Velden,sveldend1@mtv.com,,Female
Bud,Beaumont,bbeaumontd2@xinhuanet.com,105.221.16.249,Male
Jordan,Grishakin,jgrishakind3@mail.ru,16.177.70.183,Female
Zena,Bogey,zbogeyd4@discovery.com,57.237.86.56,Female
Claudia,Standell,cstandelld5@fotki.com,68.3.193.207,Bigender
Marjy,Creagh,mcreaghd6@ebay.com,249.19.232.50,Female
Eberhard,Scarisbrick,escarisbrickd9@prlog.org,165.165.72.179,Male
Baryram,Crawley,bcrawleyda@chicagotribune.com,7.237.221.204,Agender
Merola,Bamell,mbamelldb@goodreads.com,222.205.219.166,
Eirena,Heckner,ehecknerdc@phpbb.com,230.189.242.26,Female
Jacenta,Duiged,jduigedde@alexa.com,22.149.221.87,Female
Henderson,Curteis,hcurteisdf@yellowbook.com,31.138.251.202,Male
Emiline,Millam,emillamdg@oaic.gov.au,74.31.139.184,Female
Nalani,Gambles,ngamblesdh@samsung.com,119.235.71.239,Female
Cahra,Sanford,csanforddi@hatena.ne.jp,91.65.173.93,Female
Lion,Oglethorpe,loglethorpedj@qq.com,91.85.190.210,Male
Tyrus,Cobby,tcobbydk@storify.com,9.169.143.83,Male
Shelby,Letford,sletforddl@parallels.com,28.54.166.192,Agender
Gunter,Reason,greasondm@ed.gov,219.186.135.24,Male
Claudell,Mordecai,cmordecaidn@storify.com,47.211.253.170,
Blondie,Blatchford,bblatchforddo@twitpic.com,,Female
Gerrard,Hail,ghaildp@rakuten.co.jp,5.86.229.136,
Ellerey,Dancy,edancydq@youtu.be,134.162.247.76,Male
Corbie,Bresnen,cbresnendr@cbsnews.com,227.236.87.159,
Ariana,Highton,ahightonds@ucla.edu,193.48.39.20,Polygender
Ludvig,Audrey,laudreydt@tinypic.com,220.41.184.210,Male
Derward,Gormley,dgormleydu@paypal.com,80.112.89.132,Male
Dina,Pointon,dpointondv@dailymail.co.uk,255.58.168.220,Female
Dunc,Miroy,dmiroydw@instagram.com,198.130.228.74,
Aylmar,Brasseur,abrasseurdx@123-reg.co.uk,79.64.25.166,Genderfluid
Netty,Cabera,ncaberady@columbia.edu,103.58.113.135,Female
Shaylyn,Huc,shucdz@posterous.com,52.159.200.202,Non-binary
Morgen,Hampe,mhampee0@amazon.co.jp,132.58.224.140,Female
Ardyce,O' Markey,aomarkeye1@ucoz.com,61.114.214.243,Female
Pearla,Steels,psteelse3@admin.ch,54.49.40.2,Female
Linell,Meldrum,lmeldrume4@webnode.com,81.18.91.233,Female
Charmain,Ridewood,cridewoode5@sfgate.com,123.147.110.74,Female
Karlyn,Barnhart,kbarnharte6@example.com,106.91.254.172,Female
Melli,Andres,mandrese7@list-manage.com,178.23.67.90,Female
Hercule,Dawidowitz,hdawidowitze8@biblegateway.com,228.223.112.147,Male
Bettye,Farn,bfarne9@gizmodo.com,83.174.128.124,Female
Zara,Lipsett,zlipsettea@usda.gov,50.199.133.193,Female
Maddi,Maulkin,mmaulkineb@google.de,,Female
Stanislaw,Ridwood,sridwoodec@answers.com,242.64.45.184,
Natala,Leedal,nleedaled@blogger.com,67.45.205.34,
Glori,Cicerone,gciceroneee@globo.com,29.192.226.238,Bigender
Clifford,Longford,clongfordef@chicagotribune.com,125.3.59.102,Male
Gay,Ashpole,gashpoleeg@privacy.gov.au,152.152.88.215,Male
Marco,Bourne,mbourneeh@reddit.com,52.124.90.145,Male
Granthem,Lademann,glademannei@histats.com,7.231.28.152,Male
Kitti,Fenne,kfenneej@dyndns.org,169.152.225.241,Female
Jarrett,Ranyard,jranyardek@sfgate.com,240.30.76.51,Male
Micky,Willingham,mwillinghamem@narod.ru,103.63.17.51,Male
Lock,Rudall,lrudallen@storify.com,208.182.69.21,Male
Theo,Yurevich,tyurevicheo@unicef.org,190.57.157.199,Male
Leda,Hamshaw,lhamshawep@prlog.org,154.55.198.136,Female
Jerrilyn,Mandres,jmandreseq@hexun.com,206.39.220.39,
Maurise,Neilly,mneillyer@tmall.com,,Female
Tiphany,McPhee,tmcpheees@ibm.com,167.26.146.12,Female
Caren,Hawke,chawkeet@theglobeandmail.com,,Female
Noam,Trollope,ntrollopeeu@storify.com,233.106.57.121,Male
Adelaide,Hawking,ahawkingev@infoseek.co.jp,135.53.166.6,Female
Collete,Faull,cfaullew@paginegialle.it,131.216.166.109,Female
Duky,Goward,dgowardex@pbs.org,112.56.158.252,Male
Byrann,Faulkener,bfaulkenerey@yolasite.com,58.33.21.229,Male
Kristos,Ilymanov,kilymanovez@phoca.cz,,
Sisile,Grenville,sgrenvillef0@ox.ac.uk,70.222.44.90,Female
Wright,Credland,wcredlandf1@cargocollective.com,62.0.155.77,
Durand,Dooland,ddoolandf2@intel.com,88.82.71.170,Male
Lind,Mintoft,lmintoftf3@whitehouse.gov,188.120.156.57,Female
Jillana,Luttgert,jluttgertf5@oracle.com,65.22.206.203,Female
Stevy,Degenhardt,sdegenhardtf6@purevolume.com,68.158.144.215,Male
Claire,Kattenhorn,ckattenhornf7@bravesites.com,,
Tessa,Rowen,trowenf8@purevolume.com,153.61.81.32,Non-binary
Esdras,Corradi,ecorradif9@opera.com,,Male
Willy,Chiese,wchiesefa@dagondesign.com,140.208.252.216,Male
Ally,Attlee,aattleefb@kickstarter.com,49.46.225.18,Female
Gusti,Freeborn,gfreebornfc@alexa.com,241.116.206.254,Female
Denys,Frowde,dfrowdefd@pinterest.com,171.49.146.155,Male
Ailsun,Kerfoot,akerfootfe@state.tx.us,89.54.80.99,Female
Sinclare,Chidzoy,schidzoyff@who.int,114.123.87.230,Male
Lina,Greenhall,lgreenhallfg@sina.com.cn,183.79.214.50,Female
Augie,Murra,amurrafh@latimes.com,150.235.79.108,Male
Ted,Lindner,tlindnerfi@ucoz.com,63.225.221.228,Male
Merill,Rides,mridesfj@bigcartel.com,13.137.172.142,Male
Minny,Style,mstylefk@google.co.jp,,Female
Hubey,Upcott,hupcottfl@cbslocal.com,138.116.11.138,Male
Anette,Dunsford,adunsfordfm@qq.com,159.125.163.2,
Chrysler,Askwith,caskwithfn@sourceforge.net,130.163.132.131,
Wilhelmina,Jerrams,wjerramsfo@oaic.gov.au,67.46.170.100,Female
Sky,D'Adda,sdaddafp@elegantthemes.com,62.67.64.158,Male
Shelly,Peschka,speschkafq@sakura.ne.jp,70.207.179.196,Female
Vince,Grishmanov,vgrishmanovfr@cam.ac.uk,34.173.211.93,
Irene,Orme,iormeft@theatlantic.com,217.173.122.25,Female
Ewan,O'Hagerty,eohagertyfv@lulu.com,240.126.235.35,Male
Budd,Boarder,bboarderfw@discuz.net,155.223.39.198,Male
Godfrey,Simonian,gsimonianfx@wufoo.com,164.205.80.30,Male
Noe,Bruff,nbrufffy@kickstarter.com,108.72.92.132,Male
Chan,McRoberts,cmcrobertsfz@jugem.jp,242.185.30.231,Male
Maximilianus,Aiers,maiersg0@phpbb.com,164.171.216.220,Male
Abner,Parry,aparryg2@blogs.com,,Male
Jabez,Cran,jcrang3@nba.com,170.104.252.6,Male
Virgina,Lethbridge,vlethbridgeg4@123-reg.co.uk,199.67.193.42,
Tadio,Lenin,tlening5@intel.com,169.204.0.82,Male
Arliene,Ianetti,aianettig7@theatlantic.com,144.181.187.246,Female
Ceciley,Gerin,cgering8@privacy.gov.au,126.122.54.124,Female
Beale,Light,blightg9@bing.com,7.166.30.186,Male
Heloise,Pumfrey,hpumfreyga@toplist.cz,62.156.33.89,Female
Gustave,Jedrzejczyk,gjedrzejczykgc@artisteer.com,120.69.32.71,Male
Jehu,Biddell,jbiddellgd@unblog.fr,6.70.249.147,Male
Greta,Dunlea,gdunleage@abc.net.au,225.40.160.130,Female
Caleb,Selbie,cselbiegg@csmonitor.com,91.143.40.4,Male
Pacorro,Muckleston,pmucklestongh@army.mil,12.40.150.27,Male
Chickie,Stenbridge,cstenbridgegi@nytimes.com,36.115.67.137,Male
Arlin,Toovey,atooveygj@technorati.com,190.230.92.67,Male
Granthem,Corzor,gcorzorgk@utexas.edu,6.87.193.57,Male
Matthaeus,Vala,mvalagm@berkeley.edu,27.127.204.75,Male
Dory,Menat,dmenatgn@harvard.edu,105.56.243.208,Male
Vanda,Stagge,vstaggegq@sciencedirect.com,6.121.90.6,Female
Mattie,Gauvin,mgauvingr@homestead.com,213.179.80.170,Female
Doralin,Feehan,dfeehangs@amazonaws.com,106.60.59.79,
West,Cowlin,wcowlingu@qq.com,130.231.2.58,Male
Grethel,Whorlow,gwhorlowgv@shutterfly.com,9.56.51.134,Female
Conrad,Calderonello,ccalderonellogw@tumblr.com,,Male
Nance,Boldra,nboldragx@fc2.com,,Female
Gene,Kellett,gkellettgy@timesonline.co.uk,94.120.18.62,Female
Wilt,Whittlesee,wwhittleseegz@gov.uk,,
Uri,Bevis,ubevish0@vinaora.com,255.79.202.56,Male
Marsh,Margram,mmargramh1@themeforest.net,67.150.72.239,Male
Jaquelyn,Misken,jmiskenh2@nhs.uk,,Female
Ellwood,Craigg,ecraiggh3@nba.com,74.53.47.161,Male
Georgiana,Northern,gnorthernh4@cbc.ca,116.203.236.4,Female
Nina,Poles,npolesh5@tuttocitta.it,220.251.90.102,Female
Cthrine,Welland,cwellandh6@reference.com,209.123.83.92,Female
Elspeth,Morten,emortenh7@jimdo.com,238.172.251.100,Female
Vinnie,Fowlds,vfowldsh8@goodreads.com,174.13.79.247,Female
Nesta,Gregan,ngreganh9@imageshack.us,202.180.57.159,Female
Christiane,Bletsoe,cbletsoeha@theguardian.com,33.144.139.216,Genderqueer
Tove,MacCoughan,tmaccoughanhc@phpbb.com,129.111.175.226,Female
Harrietta,Vynarde,hvynardehd@wikipedia.org,233.112.109.241,Female
Brady,Jefford,bjeffordhe@flickr.com,168.156.132.200,Male
Velma,Pallasch,vpallaschhf@networkadvertising.org,233.181.19.243,Female
Quincy,Morrow,qmorrowhg@state.gov,,Male
Martita,Beckinsall,mbeckinsallhh@utexas.edu,123.179.33.81,Genderqueer
Hurley,Wheaton,hwheatonhi@ustream.tv,42.180.104.182,Male
Korney,Metheringham,kmetheringhamhj@dropbox.com,216.70.244.176,Female
Fidel,Pettus,fpettushk@imageshack.us,,Male
Samara,Abbie,sabbiehl@census.gov,79.177.87.94,Female
Koenraad,Draayer,kdraayerhn@123-reg.co.uk,176.149.167.195,Male
Jaquenetta,Landers,jlandersho@kickstarter.com,43.75.86.246,
Windham,Grancher,wgrancherhp@huffingtonpost.com,59.237.175.231,Male
Donaugh,Kirley,dkirleyhq@wix.com,,Male
Evvy,Pringer,epringerhr@facebook.com,81.233.64.102,Female
Ilyssa,Reynoollds,ireynoolldshs@fema.gov,226.183.1.76,Genderfluid
Urson,Yeats,uyeatshu@cnn.com,231.227.62.147,Male
Luke,Harler,lharlerhv@livejournal.com,90.243.119.109,Male
Gawen,Hentzer,ghentzerhw@hao123.com,54.159.214.147,Male
Suzanna,Devers,sdevershx@apache.org,,Female
Clay,Whitrod,cwhitrodhy@washington.edu,,Genderqueer
Arlette,Tolworth,atolworthhz@harvard.edu,115.89.8.136,Genderqueer
Amanda,Neill,aneilli0@rakuten.co.jp,147.138.217.165,Female
Kurt,Wickie,kwickiei2@mit.edu,150.185.68.212,Non-binary
Amber,Gittus,agittusi3@google.com.au,14.216.7.94,Female
Georg,Godbolt,ggodbolti4@dell.com,234.104.137.19,Male
Rosemarie,Mills,rmillsi5@homestead.com,69.67.223.200,Female
Kaspar,Cadge,kcadgei6@barnesandnoble.com,146.72.156.241,Male
Mikkel,Cheer,mcheeri7@marketwatch.com,103.250.68.224,Male
Cassius,Samuel,csamueli8@wunderground.com,229.213.129.111,Male
Dionne,Gutsell,dgutselli9@xing.com,95.96.109.5,Female
Theresita,Baxster,tbaxsteria@china.com.cn,67.219.171.244,Female
Mala,De Mattei,mdematteiib@cbsnews.com,229.208.207.79,Female
Isadore,Dudley,idudleyic@jalbum.net,71.96.184.57,Male
Lorelle,Jurasek,ljurasekid@php.net,239.122.6.92,Female
Charita,Wrinch,cwrinchie@istockphoto.com,110.250.178.3,Female
Mateo,Windas,mwindasif@sogou.com,7.82.243.82,Male
Lynn,Dodgson,ldodgsonig@wikispaces.com,84.138.7.74,Female
Elly,Wooldridge,ewooldridgeih@jimdo.com,,Female
Marilyn,Hurrion,mhurrionii@webmd.com,250.179.82.82,Female
Renard,Perkis,rperkisij@dailymail.co.uk,160.242.177.75,Male
Barrie,Gilman,bgilmanik@usatoday.com,204.170.47.92,Male
Melesa,Pareman,mparemanil@howstuffworks.com,217.246.170.38,Female
Desmund,Bartosek,dbartosekim@sun.com,,Genderqueer
Druci,Giannazzo,dgiannazzoio@technorati.com,,Female
Shanda,Kubiczek,skubiczekip@berkeley.edu,,Female
Othelia,Kembley,okembleyiq@sohu.com,246.136.175.45,Female
Jules,Gleeton,jgleetonir@lulu.com,112.55.221.120,Polygender
Iona,Males,imalesis@chron.com,171.209.62.140,Female
Richy,Hamnett,rhamnettit@deviantart.com,,Male
Marybelle,Noor,mnooriu@freewebs.com,202.157.130.231,Female
Roy,Conaghy,rconaghyiv@ucsd.edu,228.102.239.224,Male
Leigh,Gingedale,lgingedaleiw@oakley.com,7.132.179.98,Male
Johnnie,Fedoronko,jfedoronkoix@theglobeandmail.com,242.32.17.244,Genderfluid
Berry,Chafney,bchafneyiy@nih.gov,22.63.215.204,Female
Perry,Bettleson,pbettlesoniz@mozilla.com,190.89.163.255,Female
Elset,Yuryshev,eyuryshevj1@reddit.com,181.58.59.149,Female
Lettie,Kenwrick,lkenwrickj2@amazon.com,94.60.181.249,Polygender
Shaina,Innocenti,sinnocentij3@google.com.hk,70.40.12.222,Female
Curt,McCrisken,cmccriskenj4@blogs.com,27.17.104.84,Non-binary
Kath,Lyptrade,klyptradej5@infoseek.co.jp,30.191.113.233,Female
Elora,Jimmison,ejimmisonj6@zimbio.com,149.94.227.110,Female
Fredericka,Godridge,fgodridgej7@globo.com,,Female
Krystalle,Chevins,kchevinsj8@free.fr,,
Dannie,Presnail,dpresnailj9@shutterfly.com,175.171.167.247,Female
Alexandrina,Emptage,aemptageja@yale.edu,216.119.194.119,Female
Armand,Bulley,abulleyjb@google.co.jp,37.211.103.110,Non-binary
Viola,Pury,vpuryjd@shop-pro.jp,164.68.254.179,Female
Sherwynd,O'Brogan,sobroganje@dagondesign.com,,Genderfluid
Addy,Holywell,aholywelljf@dedecms.com,210.181.68.188,Male
Chicky,Lathy,clathyjg@so-net.ne.jp,237.48.153.76,Male
Page,Jobbins,pjobbinsjh@java.com,110.112.235.203,Female
Alexei,Oxley,aoxleyji@devhub.com,105.177.19.235,Male
Veronica,Wittering,vwitteringjj@intel.com,88.53.80.102,Female
Farrell,Sills,fsillsjk@businessweek.com,57.185.146.226,Male
Chadwick,Ellice,cellicejl@guardian.co.uk,99.146.157.175,
Ingrim,Chandler,ichandlerjm@upenn.edu,45.242.20.227,Male
Bertrando,Hentzeler,bhentzelerjn@rediff.com,119.25.18.175,
Tom,Ishak,tishakjo@dmoz.org,,Male
Claudina,Conner,cconnerjp@spiegel.de,216.103.123.65,Female
Matthaeus,Nolleth,mnollethjq@istockphoto.com,173.21.229.201,Male
Jameson,Gillett,jgillettjr@usa.gov,139.219.12.99,Male
Merlina,Brampton,mbramptonjs@canalblog.com,22.193.70.243,Female
Analiese,Dineen,adineenjt@google.pl,161.178.43.112,Female
Jourdain,Fishleigh,jfishleighjv@sphinn.com,85.71.62.100,Male
Casandra,Corrado,ccorradojw@addtoany.com,78.162.56.138,Non-binary
Roxana,Yacob,ryacobjx@scribd.com,103.230.23.180,Female
Tybi,Codrington,tcodringtonjy@tiny.cc,159.168.164.16,Female
Chris,Figliovanni,cfigliovannijz@reddit.com,132.89.164.30,Male
Kalie,Ariss,karissk0@seesaa.net,12.242.85.156,Non-binary
Stephi,McGregor,smcgregork1@arstechnica.com,,
Jackelyn,Garment,jgarmentk2@wikipedia.org,214.105.208.156,Female
Heather,Allison,hallisonk3@mediafire.com,107.74.68.60,Female
Delphine,Lockless,dlocklessk4@boston.com,210.218.119.186,Female
Andrea,Keilloh,akeillohk5@studiopress.com,49.203.185.73,Male
Dannie,Stoate,dstoatek6@ovh.net,247.77.142.31,Male
Ashlin,Conman,aconmank7@cam.ac.uk,155.87.149.148,Male
Marve,Wong,mwongk8@china.com.cn,,Bigender
Tarra,Verzey,tverzeyk9@clickbank.net,86.70.70.211,Female
Roxana,McKerley,rmckerleyka@usgs.gov,145.148.174.217,Female
Nadine,Raden,nradenkb@feedburner.com,,Female
Silva,Lilie,sliliekd@icio.us,35.116.2.91,Female
Beth,Bizley,bbizleykf@tripadvisor.com,39.53.79.72,Female
Nannie,Ridsdale,nridsdalekg@berkeley.edu,196.230.185.46,Female
Ulberto,D'Oyly,udoylykh@multiply.com,78.215.74.251,Male
Heall,Warhurst,hwarhurstki@cargocollective.com,131.189.127.27,Male
Ignazio,Bourrel,ibourrelkj@tripod.com,221.37.247.100,Male
Lizzie,Belcham,lbelchamkk@google.nl,32.37.222.80,
Joleen,Izakof,jizakofkl@phoca.cz,151.90.107.29,Female
Curry,Hannaway,channawaykm@amazon.co.uk,215.109.160.12,Male
Pen,Branchett,pbranchettkn@npr.org,111.33.182.26,Male
Harwilll,Monkeman,hmonkemanko@tripod.com,131.143.180.45,Male
Edita,Tinsley,etinsleykp@yellowpages.com,243.68.8.246,Female
Berthe,Pfaffe,bpfaffekr@pen.io,39.178.80.178,Female
Perl,Rimer,primerks@hud.gov,,Agender
Sigismundo,Paulmann,spaulmannkt@timesonline.co.uk,113.216.62.238,Male
Sherry,Pabel,spabelku@cdbaby.com,122.255.215.127,Female
Sidney,O'Brien,sobrienky@opensource.org,15.21.101.64,Male
Baron,Wellington,bwellingtonkz@tripod.com,79.95.212.45,Male
Evangelin,Hillburn,ehillburnl0@globo.com,31.18.38.25,Female
Alina,Gallihaulk,agallihaulkl1@alibaba.com,196.62.34.35,Female
Phaidra,Boules,pboulesl2@ehow.com,125.144.77.82,Female
Ettie,Bermingham,eberminghaml3@miibeian.gov.cn,142.50.170.68,
Eleen,Drage,edragel4@about.com,110.245.244.55,Polygender
Zitella,Maffei,zmaffeil5@boston.com,41.186.21.17,Female
Stacie,Maylard,smaylardl6@cdc.gov,254.113.161.215,Bigender
Erna,Tunnick,etunnickl7@gov.uk,15.70.125.180,Female
Kamila,Leacock,kleacockl8@time.com,207.162.25.82,Female
Giorgia,Gwilt,ggwiltl9@de.vu,78.223.236.175,
Alexis,Huskisson,ahuskissonla@virginia.edu,,
Emile,Lowdyane,elowdyanelb@freewebs.com,51.188.168.215,
Hilly,McCrystal,hmccrystallc@issuu.com,157.137.160.175,Male
Marabel,Freke,mfrekeld@youtu.be,205.111.152.32,Female
Amos,Waymont,awaymontle@t.co,,Male
Rainer,Jessope,rjessopelf@wsj.com,193.97.107.118,Male
Candra,Goddman,cgoddmanlh@census.gov,55.69.208.170,Female
Jamey,Artiss,jartissli@bluehost.com,15.33.31.37,Male
Caye,Puckett,cpuckettlj@alexa.com,169.131.62.188,Female
Joey,Bartunek,jbartuneklk@msn.com,205.181.97.130,Female
Hildagarde,Bartleman,hbartlemanll@globo.com,157.165.65.94,Female
Candide,Posselow,cposselowlm@indiatimes.com,36.119.171.57,Female
Kelcie,Moynihan,kmoynihanlo@sina.com.cn,86.191.32.207,Female
Sibel,Scimone,sscimonelp@etsy.com,236.120.42.255,Female
Giulietta,Jickells,gjickellslr@discovery.com,,
Khalil,Shoorbrooke,kshoorbrookels@uol.com.br,169.254.229.97,Male
Claresta,Blackie,cblackielt@vk.com,100.207.30.197,Female
Lulita,Delacote,ldelacotelu@smh.com.au,90.173.41.125,Female
Bonita,Pucknell,bpucknelllw@slate.com,17.30.127.252,Female
Howey,Anderton,handertonly@usa.gov,205.139.16.108,Male
Thornie,Jalland,tjallandlz@moonfruit.com,100.244.105.174,Male
Shurlocke,Gatenby,sgatenbym0@vk.com,25.101.208.207,Male
Floris,O'Cannan,focannanm1@xinhuanet.com,47.213.193.99,Female
Lanie,Bruckshaw,lbruckshawm2@msu.edu,14.217.87.94,Agender
Cordelia,Menary,cmenarym3@dell.com,37.248.100.13,Female
Gearard,Rabbet,grabbetm4@army.mil,25.156.181.23,Polygender
Haydon,Smaling,hsmalingm6@senate.gov,108.14.4.183,Male
Candie,Betteridge,cbetteridgem7@salon.com,212.47.95.95,Female
Gina,MacGraith,gmacgraithm8@google.ca,53.48.204.78,Genderqueer
Debi,Philipart,dphilipartm9@washingtonpost.com,,Female
Annabelle,Cricket,acricketma@who.int,244.63.144.139,Female
Kerrie,Marks,kmarksmb@geocities.jp,195.18.70.36,
Larina,Proschek,lproschekmc@dropbox.com,,Female
Regan,Gethyn,rgethynmd@ask.com,195.219.54.21,Female
Ursula,Valerio,uvaleriome@ning.com,,Female
Beilul,Pickford,bpickfordmf@ehow.com,126.169.186.140,Female
Vaughn,Yerby,vyerbymg@auda.org.au,247.71.118.126,Bigender
Karoline,Fendlow,kfendlowmi@wikimedia.org,87.86.67.154,Female
Jeramey,Ladon,jladonmj@upenn.edu,74.179.236.133,Male
Wiatt,Jillitt,wjillittmk@reverbnation.com,203.50.12.47,Male
Rhona,Yurevich,ryurevichmm@redcross.org,47.195.119.10,Female
Arlee,Cleft,acleftmn@sakura.ne.jp,24.85.179.107,Female
Amandi,Bye,abyemo@cmu.edu,,Non-binary
Shari,MacCawley,smaccawleymp@va.gov,200.37.113.36,Female
Everard,Mechell,emechellmq@blogtalkradio.com,199.52.58.55,Male
Julianna,Guerola,jguerolamr@statcounter.com,,Female
Karil,Sacchetti,ksacchettims@mtv.com,93.218.19.162,Female
Rodolfo,Bruty,rbrutymt@wp.com,69.67.206.76,Male
Quill,Blencoe,qblencoemv@multiply.com,75.132.241.230,Male
Evyn,Goreisr,egoreisrmw@sciencedaily.com,130.157.0.217,Male
Joell,Trengrove,jtrengrovemx@msu.edu,5.89.62.242,Female
Ash,Peinton,apeintonmy@google.cn,68.179.123.39,Male
Dennison,Sidnall,dsidnallmz@blinklist.com,64.220.94.51,Male
Daffie,Stede,dsteden0@dion.ne.jp,,Female
Kendell,McMenemy,kmcmenemyn1@shinystat.com,208.80.242.164,Male
Domeniga,Havelin,dhavelinn2@wisc.edu,255.98.240.181,Genderqueer
Duffie,Pelman,dpelmann3@dailymail.co.uk,69.60.74.109,Male
Jerad,Ginsie,jginsien4@flickr.com,118.111.237.66,Male
Darbee,Barwack,dbarwackn5@opera.com,49.173.210.141,Male
Mayne,Skoggins,mskogginsn6@list-manage.com,163.28.215.132,
Aggi,Collabine,acollabinen7@amazon.co.uk,,Female
Rudolph,Coultas,rcoultasn8@reference.com,130.16.27.233,Male
Pierre,Hazeley,phazeleyna@nba.com,82.59.134.194,Male
Darla,Pycock,dpycocknb@miitbeian.gov.cn,2.255.188.218,Female
Nicky,Sockell,nsockellnd@google.com.au,120.23.2.54,Male
Peggi,Bridie,pbridiene@latimes.com,,Female
Shanon,Gillcrist,sgillcristnf@boston.com,207.23.47.180,Agender
Ambros,Revill,arevillnh@google.ru,100.159.120.163,Male
Davidde,Yandle,dyandleni@exblog.jp,48.34.7.55,Male
Barnard,Anersen,banersennk@slideshare.net,,Male
Caressa,Jankiewicz,cjankiewicznl@ox.ac.uk,252.187.187.217,Female
Alecia,Kemer,akemernm@myspace.com,225.188.171.234,
Odo,Zanneli,ozannelinn@slideshare.net,54.51.6.37,Male
Mathew,Nise,mniseno@weather.com,177.61.158.39,Male
Quintin,Favel,qfavelnp@comsenz.com,84.29.83.149,Male
Anna,Bemlott,abemlottnq@illinois.edu,41.113.62.49,Female
Linoel,Crosio,lcrosionr@unicef.org,43.158.131.51,
Quint,Lurcock,qlurcockns@latimes.com,251.145.127.16,Male
Chrysa,Muzzlewhite,cmuzzlewhitent@ucoz.ru,,Female
Brett,Vivians,bviviansnu@domainmarket.com,234.107.233.20,Male
Iolande,Kalberer,ikalberernv@jugem.jp,133.2.104.107,Female
Arther,Belitz,abelitznw@rediff.com,162.26.104.157,
Chrystel,McKeeman,cmckeemannx@apple.com,119.56.194.126,Female
Bartram,Balazin,bbalazinny@tumblr.com,133.247.200.107,Male
Aldo,D' Angelo,adangelonz@indiatimes.com,241.15.155.113,Male
Olin,Baudon,obaudono0@state.tx.us,99.82.194.131,Male
Keene,Dearlove,kdearloveo1@cmu.edu,135.243.130.10,
Roderich,Widd,rwiddo3@lulu.com,125.176.147.111,Male
Haslett,Ithell,hithello5@kickstarter.com,90.212.147.247,Male
Fonz,Townsend,ftownsendo6@freewebs.com,7.187.17.44,Genderfluid
Issy,Parkeson,iparkesono7@cnn.com,,Female
Goddard,McGiven,gmcgiveno8@constantcontact.com,13.234.126.7,Male
Terrance,Inston,tinstono9@lycos.com,227.66.190.231,Male
Tersina,Ellerker,tellerkerob@cdc.gov,26.29.203.143,
Nanny,De Freyne,ndefreyneod@csmonitor.com,101.241.50.176,Female
Rosaline,Rosel,rroseloe@usnews.com,229.180.74.9,Female
Kristel,Owttrim,kowttrimof@digg.com,62.7.222.192,Female
Erastus,Rookeby,erookebyoh@java.com,63.120.168.62,Male
Cindra,Cuddehy,ccuddehyoi@gnu.org,92.84.44.114,Female
Kain,Greenless,kgreenlessoj@paginegialle.it,156.144.162.139,Male
Benedetto,Arkow,barkowok@zdnet.com,,Male
Anastasia,Domelow,adomelowol@archive.org,51.25.70.114,
Mano,Neild,mneildom@ibm.com,237.23.33.203,Male
Phyllida,Shearman,pshearmanon@shop-pro.jp,,
Ax,Ferencowicz,aferencowiczoo@nifty.com,,Male
Cassie,Taree,ctareeoq@acquirethisname.com,55.65.44.117,Male
Clementine,Wonham,cwonhamor@4shared.com,152.3.137.13,Female
Addison,Chantree,achantreeos@admin.ch,203.21.181.159,Male
Earle,Crosher,ecrosherot@icio.us,222.188.165.149,Male
Juliet,FitzGilbert,jfitzgilbertou@blog.com,,
Eden,Emms,eemmsov@umn.edu,50.155.124.105,Female
Addison,Rowth,arowthow@youtu.be,8.160.247.157,Male
Michel,Andreutti,mandreuttiox@google.com.au,184.66.21.36,Female
Gerianna,D'Alesco,gdalescooy@blogspot.com,36.178.118.54,Female
Lucia,Reynoldson,lreynoldsonoz@gmpg.org,190.91.8.53,Female
Bruis,Latehouse,blatehousep1@vinaora.com,180.157.69.171,Male
Evania,Penrose,epenrosep3@ebay.com,25.137.233.17,Female
Bethena,Slayton,bslaytonp4@live.com,116.183.24.95,Female
Ashla,Sherborne,asherbornep5@unesco.org,174.125.140.98,Agender
Yancy,McGhee,ymcgheep6@shutterfly.com,216.178.187.85,Male
Pippa,Codman,pcodmanp7@live.com,129.226.6.56,Female
Silvana,Spargo,sspargopa@hatena.ne.jp,233.254.36.71,Female
Mella,Varney,mvarneypb@constantcontact.com,49.245.98.6,Bigender
Tito,Tomasino,ttomasinopc@ameblo.jp,242.170.78.131,Male
Bjorn,Longbothom,blongbothompd@ow.ly,70.31.12.26,Male
Bernhard,Hearnden,bhearndenpe@who.int,88.56.188.167,
Giuseppe,Althrop,galthroppf@indiegogo.com,28.177.203.128,Male
Frants,Boldock,fboldockpg@aboutads.info,,Male
Manny,Maddrah,mmaddrahph@columbia.edu,154.212.52.95,
Melly,Ollenbuttel,mollenbuttelpi@hc360.com,159.82.185.22,Female
Clay,Colvie,ccolviepk@taobao.com,217.114.119.53,Male
Wendall,MacDonough,wmacdonoughpl@mtv.com,243.136.184.1,Male
Annabelle,Isaq,aisaqpm@ycombinator.com,64.134.247.245,Female
Hanna,Goodband,hgoodbandpn@ucoz.ru,91.199.151.21,Female
Torey,Dubery,tduberypo@fc2.com,85.129.209.23,Genderfluid
Annamarie,Kloster,aklosterpp@jiathis.com,9.222.193.38,Female
Wake,Barth,wbarthpq@spiegel.de,66.211.115.255,
Fedora,Caneo,fcaneops@intel.com,243.107.150.237,Female
Zorana,Blenkinship,zblenkinshippt@gizmodo.com,202.51.59.77,Female
Jolee,Glaves,jglavespu@usda.gov,179.33.208.26,Female
Laird,Innman,linnmanpw@ibm.com,,Male
Kerwin,Bithell,kbithellpx@stanford.edu,203.109.165.31,Agender
Mic,Stowe,mstowepy@mac.com,253.221.9.47,Male
Mersey,Andreev,mandreevpz@livejournal.com,178.102.249.72,Female
Kore,Baddoe,kbaddoeq0@gnu.org,20.10.53.92,Female
Orren,Gurr,ogurrq1@usa.gov,93.195.219.220,Male
Betsy,Baynard,bbaynardq2@imgur.com,1.171.240.167,Female
Derron,Ash,dashq5@dot.gov,,Non-binary
Gwynne,Somerbell,gsomerbellq6@ca.gov,227.197.238.183,Female
Tanner,Bittlestone,tbittlestoneq7@mac.com,12.100.153.205,Male
Putnam,Wylie,pwylieq8@nbcnews.com,142.132.181.190,Male
Zaria,Minget,zmingetq9@seattletimes.com,77.197.243.225,Female
Katharine,Vankin,kvankinqa@nasa.gov,228.129.74.37,
Shepperd,Partener,spartenerqb@gnu.org,30.184.158.204,Male
Garik,Merioth,gmeriothqc@gravatar.com,218.32.11.49,Male
Rafferty,Gwalter,rgwalterqd@webeden.co.uk,219.35.168.248,Bigender
Elisa,Furnival,efurnivalqe@nytimes.com,254.37.161.51,Non-binary
Kiri,Faier,kfaierqf@yale.edu,84.225.76.77,Female
Luisa,Ilchenko,lilchenkoqg@icio.us,206.155.156.9,
Alyosha,Covely,acovelyqh@51.la,,Male
Dacia,Wyleman,dwylemanqi@uiuc.edu,233.79.189.253,Female
Fred,Lascell,flascellqj@phpbb.com,212.41.255.90,
Tallie,Stango,tstangoqk@chicagotribune.com,103.83.207.172,Male
Michel,Bullar,mbullarqm@vimeo.com,192.68.107.6,Female
Larina,Lethbridge,llethbridgeqn@dropbox.com,253.249.62.26,Female
Mady,Batho,mbathoqo@skype.com,42.222.165.112,Female
Lita,Marchiso,lmarchisoqp@icio.us,10.217.231.156,Female
Wendall,Weild,wweildqr@wufoo.com,35.57.118.103,Male
Gay,Cakes,gcakesqt@google.fr,,Female
Pierre,Cowperthwaite,pcowperthwaitequ@columbia.edu,121.3.168.29,Male
Donal,Boecke,dboeckeqv@auda.org.au,60.153.241.50,Male
Benedicta,Tremoulet,btremouletqw@utexas.edu,214.97.87.34,
Maisie,Bareford,mbarefordqx@creativecommons.org,16.225.148.42,Female
Griffith,Avramovsky,gavramovskyqz@china.com.cn,54.188.140.149,Male
Bryce,Kleiser,bkleiserr0@senate.gov,196.71.55.149,Male
Kincaid,Gierek,kgierekr1@vinaora.com,129.30.37.29,Male
Sutton,Pinwell,spinwellr2@princeton.edu,92.72.101.62,Male
Christoph,Pardew,cpardewr3@va.gov,204.160.151.210,
Antonella,Thiese,athieser4@utexas.edu,87.165.133.27,Female
Burtie,Mundow,bmundowr5@imgur.com,135.191.196.126,Male
Biron,MacFadden,bmacfaddenr6@addtoany.com,25.187.28.41,Male
Alberta,Yousef,ayousefr7@infoseek.co.jp,,Female
Winifield,Blague,wblaguer8@howstuffworks.com,97.193.22.2,Male
Trace,Daffey,tdaffeyr9@google.co.jp,197.243.24.32,Male
Huntlee,Thinn,hthinnra@pbs.org,27.205.40.117,Male
Cris,Burberry,cburberryrc@slashdot.org,185.9.171.178,Non-binary
Shaw,Yanyushkin,syanyushkinrd@nymag.com,84.227.56.178,Male
Joseph,Larter,jlarterre@dailymotion.com,67.68.133.235,Male
Wolfie,Rushman,wrushmanrf@wordpress.org,159.60.250.139,Male
Darbie,Stevens,dstevensrg@behance.net,83.117.213.230,Female
Brandon,Towsie,btowsierh@last.fm,33.212.95.69,Male
Hastings,MacLachlan,hmaclachlanri@xrea.com,180.135.244.148,Male
Duncan,Yegorkov,dyegorkovrj@rediff.com,105.19.222.36,Male
Farlee,Gostridge,fgostridgerk@comcast.net,,Male
Terri,Eacle,teaclerl@unc.edu,73.18.225.153,Male
Royal,Feldharker,rfeldharkerrm@forbes.com,158.132.156.137,Male
Paton,Davitti,pdavittirn@bluehost.com,,Male
Tabor,Inwood,tinwoodro@google.ca,114.136.228.158,Agender
Elmo,Lentsch,elentschrp@amazonaws.com,2.40.145.40,Male
Wolf,McEntagart,wmcentagartrq@bizjournals.com,124.242.130.30,
Evangeline,Cavil,ecavilrr@weebly.com,29.180.25.66,Non-binary
